﻿FeedBackID,OrderID,Feedback
30001,1,Positive
30002,2,Positive
30003,3,Negative 
30004,4,Positive
30005,5,Positive
30006,6,Positive
30007,7,Positive
30008,8,Positive
30009,9,Positive
30010,10,Positive
30011,11,Positive
30012,12,Negative 
30013,13,Positive
30014,14,Positive
30015,15,Positive
30016,16,Positive
30017,17,Positive
30018,18,Negative 
30019,19,Negative 
30020,20,Positive
30021,21,Positive
30022,22,Positive
30023,23,Positive
30024,24,Positive
30025,25,Positive
30026,26,Positive
30027,27,Positive
30028,28,Positive
30029,29,Positive
30030,30,Positive
30031,31,Positive
30032,32,Positive
30033,33,Positive
30034,34,Positive
30035,35,Positive
30036,36,Positive
30037,37,Positive
30038,38,Negative 
30039,39,Positive
30040,40,Positive
30041,41,Negative 
30042,42,Positive
30043,43,Positive
30044,44,Positive
30045,45,Positive
30046,46,Positive
30047,47,Positive
30048,48,Positive
30049,49,Negative 
30050,50,Positive
30051,51,Positive
30052,52,Positive
30053,53,Positive
30054,54,Positive
30055,55,Positive
30056,56,Positive
30057,57,Positive
30058,58,Positive
30059,59,Positive
30060,60,Positive
30061,61,Positive
30062,62,Positive
30063,63,Positive
30064,64,Positive
30065,65,Positive
30066,66,Positive
30067,67,Positive
30068,68,Positive
30069,69,Positive
30070,70,Positive
30071,71,Positive
30072,72,Positive
30073,73,Positive
30074,74,Positive
30075,75,Positive
30076,76,Positive
30077,77,Positive
30078,78,Positive
30079,79,Positive
30080,80,Positive
30081,81,Positive
30082,82,Positive
30083,83,Positive
30084,84,Positive
30085,85,Positive
30086,86,Positive
30087,87,Positive
30088,88,Positive
30089,89,Positive
30090,90,Negative 
30091,91,Positive
30092,92,Positive
30093,93,Positive
30094,94,Positive
30095,95,Positive
30096,96,Positive
30097,97,Positive
30098,98,Positive
30099,99,Positive
30100,100,Positive
30101,101,Positive
30102,102,Positive
30103,103,Positive
30104,104,Positive
30105,105,Negative 
30106,106,Positive
30107,107,Positive
30108,108,Positive
30109,109,Positive
30110,110,Positive
30111,111,Positive
30112,112,Positive
30113,113,Positive
30114,114,Positive
30115,115,Positive
30116,116,Negative 
30117,117,Positive
30118,118,Positive
30119,119,Positive
30120,120,Positive
30121,121,Positive
30122,122,Positive
30123,123,Positive
30124,124,Negative 
30125,125,Negative 
30126,126,Positive
30127,127,Positive
30128,128,Positive
30129,129,Positive
30130,130,Positive
30131,131,Positive
30132,132,Positive
30133,133,Positive
30134,134,Negative 
30135,135,Positive
30136,136,Positive
30137,137,Positive
30138,138,Negative 
30139,139,Positive
30140,140,Positive
30141,141,Positive
30142,142,Negative 
30143,143,Positive
30144,144,Positive
30145,145,Negative 
30146,146,Positive
30147,147,Positive
30148,148,Positive
30149,149,Positive
30150,150,Positive
30151,151,Positive
30152,152,Positive
30153,153,Positive
30154,154,Positive
30155,155,Positive
30156,156,Positive
30157,157,Positive
30158,158,Positive
30159,159,Negative 
30160,160,Positive
30161,161,Positive
30162,162,Negative 
30163,163,Positive
30164,164,Positive
30165,165,Positive
30166,166,Positive
30167,167,Negative 
30168,168,Positive
30169,169,Positive
30170,170,Negative 
30171,171,Positive
30172,172,Positive
30173,173,Positive
30174,174,Positive
30175,175,Positive
30176,176,Positive
30177,177,Positive
30178,178,Negative 
30179,179,Negative 
30180,180,Positive
30181,181,Positive
30182,182,Negative 
30183,183,Positive
30184,184,Positive
30185,185,Positive
30186,186,Positive
30187,187,Positive
30188,188,Positive
30189,189,Negative 
30190,190,Positive
30191,191,Negative 
30192,192,Positive
30193,193,Positive
30194,194,Positive
30195,195,Positive
30196,196,Positive
30197,197,Positive
30198,198,Positive
30199,199,Positive
30200,200,Negative 
30201,201,Positive
30202,202,Positive
30203,203,Positive
30204,204,Positive
30205,205,Positive
30206,206,Positive
30207,207,Negative 
30208,208,Positive
30209,209,Positive
30210,210,Negative 
30211,211,Negative 
30212,212,Positive
30213,213,Negative 
30214,214,Positive
30215,215,Positive
30216,216,Negative 
30217,217,Positive
30218,218,Negative 
30219,219,Positive
30220,220,Positive
30221,221,Positive
30222,222,Positive
30223,223,Positive
30224,224,Positive
30225,225,Positive
30226,226,Positive
30227,227,Positive
30228,228,Positive
30229,229,Negative 
30230,230,Positive
30231,231,Positive
30232,232,Positive
30233,233,Negative 
30234,234,Positive
30235,235,Positive
30236,236,Negative 
30237,237,Positive
30238,238,Positive
30239,239,Positive
30240,240,Positive
30241,241,Positive
30242,242,Positive
30243,243,Positive
30244,244,Positive
30245,245,Negative 
30246,246,Positive
30247,247,Negative 
30248,248,Positive
30249,249,Negative 
30250,250,Positive
30251,251,Positive
30252,252,Positive
30253,253,Positive
30254,254,Positive
30255,255,Positive
30256,256,Positive
30257,257,Negative 
30258,258,Negative 
30259,259,Positive
30260,260,Negative 
30261,261,Positive
30262,262,Negative 
30263,263,Negative 
30264,264,Negative 
30265,265,Positive
30266,266,Positive
30267,267,Negative 
30268,268,Positive
30269,269,Positive
30270,270,Positive
30271,271,Positive
30272,272,Negative 
30273,273,Positive
30274,274,Positive
30275,275,Positive
30276,276,Positive
30277,277,Positive
30278,278,Positive
30279,279,Negative 
30280,280,Positive
30281,281,Positive
30282,282,Positive
30283,283,Positive
30284,284,Positive
30285,285,Positive
30286,286,Positive
30287,287,Positive
30288,288,Negative 
30289,289,Positive
30290,290,Positive
30291,291,Positive
30292,292,Positive
30293,293,Negative 
30294,294,Negative 
30295,295,Negative 
30296,296,Positive
30297,297,Positive
30298,298,Positive
30299,299,Negative 
30300,300,Negative 
30301,301,Negative 
30302,302,Positive
30303,303,Positive
30304,304,Positive
30305,305,Positive
30306,306,Positive
30307,307,Positive
30308,308,Positive
30309,309,Positive
30310,310,Negative 
30311,311,Positive
30312,312,Positive
30313,313,Positive
30314,314,Positive
30315,315,Positive
30316,316,Negative 
30317,317,Positive
30318,318,Positive
30319,319,Positive
30320,320,Negative 
30321,321,Positive
30322,322,Positive
30323,323,Negative 
30324,324,Positive
30325,325,Positive
30326,326,Positive
30327,327,Positive
30328,328,Positive
30329,329,Positive
30330,330,Positive
30331,331,Positive
30332,332,Positive
30333,333,Positive
30334,334,Negative 
30335,335,Positive
30336,336,Positive
30337,337,Negative 
30338,338,Positive
30339,339,Positive
30340,340,Negative 
30341,341,Positive
30342,342,Positive
30343,343,Negative 
30344,344,Positive
30345,345,Negative 
30346,346,Positive
30347,347,Positive
30348,348,Positive
30349,349,Positive
30350,350,Negative 
30351,351,Positive
30352,352,Positive
30353,353,Positive
30354,354,Positive
30355,355,Positive
30356,356,Positive
30357,357,Positive
30358,358,Negative 
30359,359,Positive
30360,360,Positive
30361,361,Positive
30362,362,Negative 
30363,363,Positive
30364,364,Positive
30365,365,Negative 
30366,366,Positive
30367,367,Positive
30368,368,Positive
30369,369,Positive
30370,370,Positive
30371,371,Positive
30372,372,Positive
30373,373,Positive
30374,374,Negative 
30375,375,Negative 
30376,376,Negative 
30377,377,Positive
30378,378,Negative 
30379,379,Positive
30380,380,Positive
30381,381,Positive
30382,382,Positive
30383,383,Positive
30384,384,Positive
30385,385,Positive
30386,386,Positive
30387,387,Positive
30388,388,Positive
