CustomerID ,OrderID,LocationID,Age,Gender,Marital Status,Occupation,Monthly Income,Educational Qualifications,FamilySizeID,Family size,latitude,longitude,Pin code,Output,FeedBackID,Feedback,OrderStatus
10001,1,20001,20,Female,Single,Student,No Income,Post Graduate,40004,4,12.9766,77.5993,560001,Yes,30001,Positive,Yes
10002,2,20002,24,Female,Single,Student,Below Rs.10000,Graduate,40003,3,12.977,77.5773,560009,Yes,30002,Positive,Yes
10003,3,20003,22,Male,Single,Student,Below Rs.10000,Post Graduate,40003,3,12.9551,77.6593,560017,Yes,30003,Negative ,Yes
10004,4,20004,22,Female,Single,Student,No Income,Graduate,40006,6,12.9473,77.5616,560019,Yes,30004,Positive,Yes
10005,5,20005,22,Male,Single,Student,Below Rs.10000,Post Graduate,40004,4,12.985,77.5533,560010,Yes,30005,Positive,Yes
10006,6,20006,27,Female,Married,Employee,More than 50000,Post Graduate,40002,2,12.9299,77.6848,560103,Yes,30006,Positive,Yes
10007,7,20007,22,Male,Single,Student,No Income,Graduate,40003,3,12.977,77.5773,560009,Yes,30007,Positive,Yes
10008,8,20008,24,Female,Single,Student,No Income,Post Graduate,40003,3,12.9828,77.6131,560042,Yes,30008,Positive,Yes
10009,9,20009,23,Female,Single,Student,No Income,Post Graduate,40002,2,12.9766,77.5993,560001,Yes,30009,Positive,Yes
10010,10,20010,23,Female,Single,Student,No Income,Post Graduate,40004,4,12.9854,77.7081,560048,Yes,30010,Positive,Yes
10011,11,20011,22,Female,Single,Student,No Income,Post Graduate,40005,5,12.985,77.5533,560010,Yes,30011,Positive,Yes
10012,12,20012,23,Male,Single,Student,Below Rs.10000,Post Graduate,40002,2,12.977,77.5773,560009,Yes,30012,Negative ,Yes
10013,13,20013,23,Male,Single,Student,No Income,Post Graduate,40005,5,12.8988,77.5764,560078,Yes,30013,Positive,Yes
10014,14,20014,21,Male,Single,Student,No Income,Graduate,40004,4,12.977,77.5773,560009,Yes,30014,Positive,Yes
10015,15,20015,23,Female,Single,Self Employeed,10001 to 25000,Post Graduate,40005,5,12.9438,77.5738,560004,Yes,30015,Positive,Yes
10016,16,20016,24,Female,Single,Student,No Income,Post Graduate,40006,6,12.8893,77.6399,560068,Yes,30016,Positive,Yes
10017,17,20017,28,Female,Single,Employee,25001 to 50000,Post Graduate,40002,2,12.9783,77.6408,560038,Yes,30017,Positive,Yes
10018,18,20018,23,Female,Single,Student,No Income,Graduate,40003,3,12.982,77.6256,560008,Yes,30018,Negative ,Yes
10019,19,20019,25,Male,Single,Student,No Income,Graduate,40004,4,12.8988,77.5764,560078,Yes,30019,Negative ,Yes
10020,20,20020,21,Female,Single,Student,Below Rs.10000,Post Graduate,40001,1,12.9783,77.6408,560038,Yes,30020,Positive,Yes
10021,21,20021,24,Male,Single,Student,No Income,Post Graduate,40003,3,12.977,77.5773,560009,Yes,30021,Positive,Yes
10022,22,20022,22,Male,Single,Student,No Income,Post Graduate,40004,4,13.0298,77.6047,560032,Yes,30022,Positive,Yes
10023,23,20023,22,Female,Single,Student,No Income,Graduate,40004,4,12.9983,77.6409,560033,Yes,30023,Positive,Yes
10024,24,20024,23,Male,Single,Student,No Income,Graduate,40004,4,12.9925,77.5633,560021,Yes,30024,Positive,Yes
10025,25,20025,21,Male,Single,Student,Below Rs.10000,Post Graduate,40003,3,12.9306,77.5434,560085,Yes,30025,Positive,Yes
10026,26,20026,25,Male,Single,Student,No Income,Post Graduate,40003,3,12.982,77.6256,560008,Yes,30026,Positive,Yes
10027,27,20027,22,Female,Single,Student,No Income,Post Graduate,40005,5,12.9353,77.5585,560050,Yes,30027,Positive,Yes
10028,28,20028,22,Male,Single,Student,No Income,Post Graduate,40003,3,12.9155,77.5135,560098,Yes,30028,Positive,Yes
10029,29,20029,23,Female,Single,Employee,10001 to 25000,Graduate,40003,3,12.9854,77.7081,560048,Yes,30029,Positive,Yes
10030,30,20030,22,Male,Single,Student,Below Rs.10000,Post Graduate,40004,4,13.0019,77.5713,560003,Yes,30030,Positive,Yes
10031,31,20031,22,Female,Single,Employee,10001 to 25000,Graduate,40005,5,12.9698,77.75,560066,Yes,30031,Positive,Yes
10032,32,20032,22,Male,Single,Student,No Income,Post Graduate,40004,4,12.9783,77.6408,560038,Yes,30032,Positive,Yes
10033,33,20033,25,Male,Married,Employee,More than 50000,Ph.D,40004,4,12.9261,77.6221,560034,Yes,30033,Positive,Yes
10034,34,20034,22,Female,Single,Student,10001 to 25000,Post Graduate,40005,5,12.985,77.5533,560010,Yes,30034,Positive,Yes
10035,35,20035,22,Female,Single,Student,No Income,Post Graduate,40002,2,12.9119,77.6446,560102,Yes,30035,Positive,Yes
10036,36,20036,25,Male,Single,Student,10001 to 25000,Post Graduate,40003,3,12.9306,77.5434,560085,Yes,30036,Positive,Yes
10037,37,20037,25,Male,Single,Student,No Income,Post Graduate,40005,5,12.977,77.5773,560009,No,30037,Positive,No
10038,38,20038,32,Female,Prefer not to say,House wife,No Income,Graduate,40005,5,12.982,77.6256,560008,Yes,30038,Negative ,Yes
10039,39,20039,23,Female,Single,Student,No Income,Post Graduate,40003,3,12.9438,77.5738,560004,Yes,30039,Positive,Yes
10040,40,20040,23,Female,Single,Student,No Income,Post Graduate,40004,4,12.8988,77.5764,560078,Yes,30040,Positive,Yes
10041,41,20041,30,Male,Married,Self Employeed,More than 50000,Uneducated,40004,4,12.9662,77.6068,560025,Yes,30041,Negative ,Yes
10042,42,20042,23,Male,Single,Student,No Income,Graduate,40003,3,12.9565,77.5484,560026,Yes,30042,Positive,Yes
10043,43,20043,23,Male,Single,Student,No Income,Post Graduate,40004,4,12.9925,77.5633,560021,Yes,30043,Positive,Yes
10044,44,20044,22,Female,Single,Student,No Income,Post Graduate,40005,5,12.985,77.5533,560010,Yes,30044,Positive,Yes
10045,45,20045,22,Male,Single,Student,No Income,Graduate,40005,5,12.985,77.5533,560010,Yes,30045,Positive,Yes
10046,46,20046,27,Female,Married,Self Employeed,10001 to 25000,Post Graduate,40002,2,12.9261,77.6221,560034,Yes,30046,Positive,Yes
10047,47,20047,24,Female,Single,Student,No Income,Post Graduate,40003,3,12.977,77.5773,560009,Yes,30047,Positive,Yes
10048,48,20048,23,Male,Single,Student,No Income,Post Graduate,40002,2,12.977,77.5773,560009,Yes,30048,Positive,Yes
10049,49,20049,23,Female,Single,Student,No Income,Graduate,40003,3,12.982,77.6256,560008,Yes,30049,Negative ,Yes
10050,50,20050,22,Female,Single,Student,10001 to 25000,Post Graduate,40005,5,12.985,77.5533,560010,Yes,30050,Positive,Yes
10051,51,20051,23,Female,Single,Student,No Income,Graduate,40005,5,13.0206,77.6479,560043,Yes,30051,Positive,Yes
10052,52,20052,23,Female,Single,Student,No Income,Post Graduate,40002,2,12.977,77.5773,560009,Yes,30052,Positive,Yes
10053,53,20053,24,Male,Single,Student,No Income,Post Graduate,40003,3,12.977,77.5773,560009,Yes,30053,Positive,Yes
10054,54,20054,25,Male,Single,Student,No Income,Post Graduate,40002,2,12.9635,77.5821,560002,Yes,30054,Positive,Yes
10055,55,20055,22,Male,Single,Student,No Income,Post Graduate,40003,3,12.9306,77.5434,560085,Yes,30055,Positive,Yes
10056,56,20056,28,Female,Married,Student,No Income,Graduate,40002,2,13.0067,77.545,560086,Yes,30056,Positive,Yes
10057,57,20057,22,Female,Single,Student,No Income,Post Graduate,40001,1,12.8845,77.6036,560076,Yes,30057,Positive,Yes
10058,58,20058,24,Female,Single,Student,No Income,Graduate,40003,3,12.977,77.5773,560009,Yes,30058,Positive,Yes
10059,59,20059,31,Male,Married,Employee,More than 50000,Ph.D,40005,5,12.9119,77.6446,560102,Yes,30059,Positive,Yes
10060,60,20060,25,Male,Single,Student,No Income,Post Graduate,40004,4,13.0067,77.545,560086,Yes,30060,Positive,Yes
10061,61,20061,23,Male,Single,Student,No Income,Post Graduate,40005,5,12.8988,77.5764,560078,Yes,30061,Positive,Yes
10062,62,20062,22,Male,Single,Student,No Income,Post Graduate,40003,3,12.8845,77.6036,560076,Yes,30062,Positive,Yes
10063,63,20063,23,Male,Single,Student,25001 to 50000,Post Graduate,40001,1,13.0158,77.539,560096,Yes,30063,Positive,Yes
10064,64,20064,23,Male,Single,Student,No Income,Graduate,40004,4,12.9343,77.6044,560029,Yes,30064,Positive,Yes
10065,65,20065,23,Female,Single,Student,No Income,Post Graduate,40002,2,13.0019,77.5713,560003,Yes,30065,Positive,Yes
10066,66,20066,25,Male,Single,Student,No Income,Post Graduate,40006,6,13.0012,77.5995,560046,Yes,30066,Positive,Yes
10067,67,20067,24,Male,Single,Employee,10001 to 25000,Graduate,40004,4,12.9442,77.6076,560030,Yes,30067,Positive,Yes
10068,68,20068,23,Female,Single,Student,No Income,Post Graduate,40004,4,13.0487,77.5923,560024,Yes,30068,Positive,Yes
10069,69,20069,23,Female,Single,Student,No Income,Post Graduate,40004,4,13.0487,77.5923,560024,Yes,30069,Positive,Yes
10070,70,20070,24,Female,Married,Employee,More than 50000,Ph.D,40004,4,12.9438,77.5738,560004,Yes,30070,Positive,Yes
10071,71,20071,22,Male,Single,Student,No Income,Graduate,40004,4,12.9889,77.5741,560020,Yes,30071,Positive,Yes
10072,72,20072,24,Female,Single,Student,10001 to 25000,Post Graduate,40003,3,12.9335,77.5691,560028,No,30072,Positive,No
10073,73,20073,25,Female,Single,Student,No Income,Post Graduate,40003,3,12.9766,77.5993,560001,Yes,30073,Positive,Yes
10074,74,20074,23,Male,Single,Student,No Income,Post Graduate,40002,2,12.8845,77.6036,560076,Yes,30074,Positive,Yes
10075,75,20075,26,Male,Single,Student,No Income,Post Graduate,40004,4,13.0019,77.5713,560003,Yes,30075,Positive,Yes
10076,76,20076,24,Female,Single,Student,25001 to 50000,Post Graduate,40003,3,13.102,77.5864,560064,Yes,30076,Positive,Yes
10077,77,20077,26,Male,Single,Student,No Income,Post Graduate,40004,4,12.9048,77.6821,560036,Yes,30077,Positive,Yes
10078,78,20078,21,Male,Single,Student,No Income,Graduate,40004,4,12.977,77.5773,560009,Yes,30078,Positive,Yes
10079,79,20079,22,Female,Single,Student,No Income,Post Graduate,40003,3,12.977,77.5773,560009,Yes,30079,Positive,Yes
10080,80,20080,24,Male,Single,Student,No Income,Post Graduate,40005,5,12.9337,77.59,560011,Yes,30080,Positive,Yes
10081,81,20081,24,Male,Single,Student,10001 to 25000,Post Graduate,40004,4,12.9037,77.5376,560061,Yes,30081,Positive,Yes
10082,82,20082,23,Female,Single,Student,No Income,Post Graduate,40003,3,12.977,77.5773,560009,Yes,30082,Positive,Yes
10083,83,20083,23,Male,Single,Student,No Income,Post Graduate,40003,3,12.9343,77.6044,560029,Yes,30083,Positive,Yes
10084,84,20084,22,Male,Single,Student,No Income,Post Graduate,40003,3,12.9438,77.5738,560004,Yes,30084,Positive,Yes
10085,85,20085,23,Male,Single,Student,No Income,Post Graduate,40003,3,12.977,77.5773,560009,Yes,30085,Positive,Yes
10086,86,20086,24,Female,Single,Student,No Income,Post Graduate,40004,4,12.9783,77.6408,560038,Yes,30086,Positive,Yes
10087,87,20087,24,Male,Single,Student,No Income,Post Graduate,40005,5,12.9337,77.59,560011,Yes,30087,Positive,Yes
10088,88,20088,25,Male,Single,Student,No Income,Graduate,40001,1,12.977,77.5773,560009,Yes,30088,Positive,Yes
10089,89,20089,25,Male,Single,Student,No Income,Post Graduate,40005,5,12.977,77.5773,560009,No,30089,Positive,No
10090,90,20090,28,Male,Married,Self Employeed,10001 to 25000,Graduate,40002,2,13.0289,77.54,560022,No,30090,Negative ,No
10091,91,20091,27,Female,Prefer not to say,Employee,25001 to 50000,Post Graduate,40005,5,13.0289,77.54,560022,No,30091,Positive,No
10092,92,20092,26,Male,Single,Self Employeed,10001 to 25000,Ph.D,40001,1,12.9698,77.75,560066,No,30092,Positive,No
10093,93,20093,22,Male,Single,Student,No Income,Post Graduate,40002,2,12.977,77.5773,560009,Yes,30093,Positive,Yes
10094,94,20094,24,Female,Single,Student,No Income,Post Graduate,40003,3,12.977,77.5773,560009,Yes,30094,Positive,Yes
10095,95,20095,23,Male,Single,Student,No Income,Post Graduate,40001,1,12.9561,77.5921,560027,Yes,30095,Positive,Yes
10096,96,20096,25,Male,Single,Student,No Income,Graduate,40001,1,12.977,77.5773,560009,Yes,30096,Positive,Yes
10097,97,20097,23,Female,Single,Student,No Income,Graduate,40005,5,13.0206,77.6479,560043,Yes,30097,Positive,Yes
10098,98,20098,23,Female,Single,Student,No Income,Graduate,40005,5,13.0206,77.6479,560043,Yes,30098,Positive,Yes
10099,99,20099,26,Male,Married,Employee,25001 to 50000,Graduate,40005,5,12.9579,77.6309,560007,No,30099,Positive,No
10100,100,20100,32,Female,Married,House wife,No Income,Uneducated,40003,3,13.014,77.5658,560012,No,30100,Positive,No
10101,101,20101,24,Female,Single,Student,10001 to 25000,Post Graduate,40003,3,12.9335,77.5691,560028,No,30101,Positive,No
10102,102,20102,23,Male,Single,Student,No Income,Post Graduate,40002,2,12.9442,77.6076,560030,Yes,30102,Positive,Yes
10103,103,20103,22,Female,Single,Employee,10001 to 25000,Graduate,40003,3,12.9698,77.75,560066,Yes,30103,Positive,Yes
10104,104,20104,24,Female,Single,Student,No Income,Ph.D,40003,3,12.9438,77.5738,560004,Yes,30104,Positive,Yes
10105,105,20105,26,Male,Single,Employee,25001 to 50000,Graduate,40002,2,12.9261,77.6221,560034,Yes,30105,Negative ,Yes
10106,106,20106,28,Male,Married,Employee,More than 50000,Graduate,40003,3,12.9698,77.75,560066,No,30106,Positive,No
10107,107,20107,26,Male,Single,Employee,More than 50000,Post Graduate,40002,2,12.9698,77.75,560066,No,30107,Positive,No
10108,108,20108,25,Male,Single,Student,No Income,Post Graduate,40001,1,12.9343,77.6044,560029,Yes,30108,Positive,Yes
10109,109,20109,25,Male,Single,Employee,Below Rs.10000,Graduate,40002,2,12.9698,77.75,560066,No,30109,Positive,No
10110,110,20110,18,Male,Single,Student,No Income,Graduate,40005,5,12.9635,77.5821,560002,Yes,30110,Positive,Yes
10111,111,20111,21,Male,Single,Student,No Income,Post Graduate,40004,4,12.977,77.5773,560009,Yes,30111,Positive,Yes
10112,112,20112,25,Male,Single,Student,No Income,Post Graduate,40001,1,12.9343,77.6044,560029,Yes,30112,Positive,Yes
10113,113,20113,25,Male,Single,Student,Below Rs.10000,Post Graduate,40002,2,12.9925,77.5633,560021,Yes,30113,Positive,Yes
10114,114,20114,23,Female,Single,Student,No Income,Graduate,40005,5,13.0206,77.6479,560043,Yes,30114,Positive,Yes
10115,115,20115,23,Male,Single,Employee,10001 to 25000,Post Graduate,40002,2,12.985,77.5533,560010,Yes,30115,Positive,Yes
10116,116,20116,25,Female,Married,Employee,25001 to 50000,Graduate,40004,4,12.9551,77.6593,560017,No,30116,Negative ,No
10117,117,20117,31,Female,Married,House wife,No Income,School,40005,5,13.0289,77.54,560022,Yes,30117,Positive,Yes
10118,118,20118,24,Male,Prefer not to say,Self Employeed,More than 50000,Ph.D,40002,2,13.0138,77.5877,560006,No,30118,Positive,No
10119,119,20119,32,Female,Married,Employee,25001 to 50000,Graduate,40005,5,12.9261,77.6221,560034,Yes,30119,Positive,Yes
10120,120,20120,25,Male,Single,Employee,25001 to 50000,Graduate,40003,3,12.9766,77.5993,560001,Yes,30120,Positive,Yes
10121,121,20121,27,Female,Married,Self Employeed,More than 50000,Graduate,40005,5,12.9766,77.5993,560001,No,30121,Positive,No
10122,122,20122,26,Male,Single,Self Employeed,25001 to 50000,Graduate,40003,3,12.9766,77.5993,560001,Yes,30122,Positive,Yes
10123,123,20123,26,Female,Single,Self Employeed,25001 to 50000,Post Graduate,40003,3,12.9635,77.5821,560002,Yes,30123,Positive,Yes
10124,124,20124,32,Male,Married,Employee,More than 50000,Ph.D,40005,5,12.9635,77.5821,560002,Yes,30124,Negative ,Yes
10125,125,20125,24,Male,Married,Self Employeed,More than 50000,Ph.D,40006,6,12.9635,77.5821,560002,No,30125,Negative ,No
10126,126,20126,27,Female,Married,Self Employeed,25001 to 50000,Graduate,40003,3,12.9635,77.5821,560002,Yes,30126,Positive,Yes
10127,127,20127,23,Male,Single,Student,No Income,Post Graduate,40003,3,12.977,77.5773,560009,Yes,30127,Positive,Yes
10128,128,20128,25,Male,Single,Student,No Income,Post Graduate,40004,4,12.977,77.5773,560009,Yes,30128,Positive,Yes
10129,129,20129,23,Male,Single,Student,No Income,Post Graduate,40003,3,12.977,77.5773,560009,Yes,30129,Positive,Yes
10130,130,20130,23,Female,Single,Student,No Income,Post Graduate,40004,4,13.0487,77.5923,560024,Yes,30130,Positive,Yes
10131,131,20131,28,Male,Married,Employee,More than 50000,Post Graduate,40003,3,13.0019,77.5713,560003,Yes,30131,Positive,Yes
10132,132,20132,32,Female,Married,Employee,More than 50000,Graduate,40001,1,13.0019,77.5713,560003,No,30132,Positive,No
10133,133,20133,23,Male,Single,Student,No Income,Post Graduate,40002,2,13.0019,77.5713,560003,Yes,30133,Positive,Yes
10134,134,20134,19,Male,Single,Student,No Income,Graduate,40002,2,13.0019,77.5713,560003,No,30134,Negative ,No
10135,135,20135,19,Female,Single,Student,No Income,Graduate,40004,4,12.9537,77.6176,560047,Yes,30135,Positive,Yes
10136,136,20136,27,Female,Married,Employee,25001 to 50000,Post Graduate,40002,2,12.9698,77.75,560066,No,30136,Positive,No
10137,137,20137,25,Male,Single,Self Employeed,25001 to 50000,Graduate,40003,3,12.998,77.6227,560005,Yes,30137,Positive,Yes
10138,138,20138,33,Male,Married,Employee,More than 50000,Ph.D,40005,5,12.998,77.6227,560005,No,30138,Negative ,No
10139,139,20139,26,Female,Single,Employee,More than 50000,Graduate,40003,3,12.998,77.6227,560005,Yes,30139,Positive,Yes
10140,140,20140,22,Female,Single,Student,Below Rs.10000,Post Graduate,40004,4,12.9343,77.6044,560029,Yes,30140,Positive,Yes
10141,141,20141,23,Male,Single,Student,No Income,Post Graduate,40003,3,13.102,77.5864,560064,No,30141,Positive,No
10142,142,20142,22,Female,Single,Student,No Income,Graduate,40003,3,13.0158,77.539,560096,Yes,30142,Negative ,Yes
10143,143,20143,25,Male,Married,Employee,25001 to 50000,Graduate,40002,2,12.998,77.6227,560005,Yes,30143,Positive,Yes
10144,144,20144,30,Female,Married,House wife,No Income,School,40005,5,12.998,77.6227,560005,Yes,30144,Positive,Yes
10145,145,20145,24,Male,Single,Student,No Income,Post Graduate,40003,3,13.0138,77.5877,560006,No,30145,Negative ,No
10146,146,20146,25,Male,Single,Employee,10001 to 25000,Post Graduate,40003,3,13.0138,77.5877,560006,Yes,30146,Positive,Yes
10147,147,20147,23,Male,Single,Student,More than 50000,Post Graduate,40003,3,12.977,77.5773,560009,Yes,30147,Positive,Yes
10148,148,20148,24,Female,Single,Student,No Income,Post Graduate,40004,4,13.0496,77.4941,560073,Yes,30148,Positive,Yes
10149,149,20149,32,Male,Married,Employee,10001 to 25000,Graduate,40004,4,12.9783,77.6408,560038,Yes,30149,Positive,Yes
10150,150,20150,22,Male,Single,Student,No Income,Post Graduate,40004,4,12.9889,77.5741,560020,Yes,30150,Positive,Yes
10151,151,20151,23,Male,Single,Student,More than 50000,Post Graduate,40003,3,12.977,77.5773,560009,Yes,30151,Positive,Yes
10152,152,20152,23,Female,Single,Student,No Income,Post Graduate,40004,4,13.0487,77.5923,560024,Yes,30152,Positive,Yes
10153,153,20153,20,Male,Single,Student,No Income,Graduate,40002,2,12.9579,77.6309,560007,Yes,30153,Positive,Yes
10154,154,20154,21,Male,Single,Student,No Income,Graduate,40002,2,12.9579,77.6309,560007,Yes,30154,Positive,Yes
10155,155,20155,24,Female,Married,Self Employeed,10001 to 25000,Graduate,40005,5,12.9579,77.6309,560007,Yes,30155,Positive,Yes
10156,156,20156,23,Female,Single,Student,No Income,Post Graduate,40004,4,13.0487,77.5923,560024,Yes,30156,Positive,Yes
10157,157,20157,25,Male,Single,Employee,25001 to 50000,Post Graduate,40003,3,12.985,77.5533,560010,Yes,30157,Positive,Yes
10158,158,20158,32,Female,Married,House wife,No Income,Graduate,40003,3,12.985,77.5533,560010,Yes,30158,Positive,Yes
10159,159,20159,27,Male,Married,Employee,More than 50000,Ph.D,40005,5,12.985,77.5533,560010,No,30159,Negative ,No
10160,160,20160,20,Female,Single,Student,No Income,Graduate,40002,2,12.9337,77.59,560011,Yes,30160,Positive,Yes
10161,161,20161,21,Male,Single,Student,No Income,Graduate,40002,2,12.9337,77.59,560011,Yes,30161,Positive,Yes
10162,162,20162,26,Male,Single,Employee,More than 50000,Post Graduate,40003,3,12.9337,77.59,560011,No,30162,Negative ,No
10163,163,20163,25,Male,Single,Employee,10001 to 25000,Graduate,40004,4,13.0166,77.6804,560016,Yes,30163,Positive,Yes
10164,164,20164,26,Male,Single,Employee,25001 to 50000,Post Graduate,40003,3,13.014,77.5658,560012,Yes,30164,Positive,Yes
10165,165,20165,26,Female,Married,Employee,25001 to 50000,Graduate,40003,3,13.014,77.5658,560012,Yes,30165,Positive,Yes
10166,166,20166,27,Male,Single,Employee,More than 50000,Ph.D,40004,4,13.0503,77.5529,560013,No,30166,Positive,No
10167,167,20167,27,Female,Single,Student,No Income,Ph.D,40005,5,13.0503,77.5529,560013,No,30167,Negative ,No
10168,168,20168,24,Female,Single,Student,No Income,Post Graduate,40005,5,12.9883,77.5987,560051,Yes,30168,Positive,Yes
10169,169,20169,25,Male,Married,Self Employeed,More than 50000,School,40002,2,13.0626,77.5284,560015,Yes,30169,Positive,Yes
10170,170,20170,20,Male,Single,Student,No Income,Graduate,40002,2,13.0626,77.5284,560015,No,30170,Negative ,No
10171,171,20171,22,Male,Single,Student,No Income,Post Graduate,40001,1,13.0626,77.5284,560015,Yes,30171,Positive,Yes
10172,172,20172,26,Female,Married,Student,Below Rs.10000,Ph.D,40003,3,13.0166,77.6804,560016,Yes,30172,Positive,Yes
10173,173,20173,27,Male,Prefer not to say,Employee,25001 to 50000,Post Graduate,40001,1,13.0166,77.6804,560016,Yes,30173,Positive,Yes
10174,174,20174,25,Female,Single,Student,No Income,Post Graduate,40003,3,12.9551,77.6593,560017,Yes,30174,Positive,Yes
10175,175,20175,24,Male,Single,Employee,Below Rs.10000,Graduate,40002,2,12.9551,77.6593,560017,Yes,30175,Positive,Yes
10176,176,20176,23,Female,Single,Employee,10001 to 25000,Graduate,40006,6,12.9551,77.6593,560017,Yes,30176,Positive,Yes
10177,177,20177,22,Male,Single,Student,No Income,Graduate,40002,2,12.957,77.5637,560018,No,30177,Positive,No
10178,178,20178,26,Male,Married,Self Employeed,More than 50000,Post Graduate,40003,3,12.957,77.5637,560018,No,30178,Negative ,No
10179,179,20179,26,Male,Single,Employee,Below Rs.10000,Post Graduate,40001,1,12.957,77.5637,560018,Yes,30179,Negative ,Yes
10180,180,20180,25,Female,Married,Self Employeed,25001 to 50000,Post Graduate,40003,3,12.957,77.5637,560018,No,30180,Positive,No
10181,181,20181,29,Female,Married,Employee,More than 50000,Graduate,40003,3,12.957,77.5637,560018,No,30181,Positive,No
10182,182,20182,23,Male,Single,Student,Below Rs.10000,Graduate,40003,3,12.8652,77.524,560109,Yes,30182,Negative ,Yes
10183,183,20183,22,Female,Single,Employee,25001 to 50000,Graduate,40004,4,12.9698,77.75,560066,Yes,30183,Positive,Yes
10184,184,20184,22,Male,Single,Student,No Income,Graduate,40002,2,12.9889,77.5741,560020,No,30184,Positive,No
10185,185,20185,32,Female,Married,House wife,No Income,School,40005,5,12.9889,77.5741,560020,Yes,30185,Positive,Yes
10186,186,20186,28,Male,Married,Employee,More than 50000,Post Graduate,40001,1,12.9925,77.5633,560021,Yes,30186,Positive,Yes
10187,187,20187,22,Male,Single,Student,No Income,Post Graduate,40002,2,12.977,77.5773,560009,Yes,30187,Positive,Yes
10188,188,20188,25,Male,Single,Employee,10001 to 25000,Graduate,40002,2,12.9757,77.5586,560023,Yes,30188,Positive,Yes
10189,189,20189,26,Female,Married,Employee,25001 to 50000,Post Graduate,40002,2,12.9757,77.5586,560023,No,30189,Negative ,No
10190,190,20190,31,Male,Married,Self Employeed,More than 50000,School,40006,6,13.0487,77.5923,560024,Yes,30190,Positive,Yes
10191,191,20191,24,Male,Single,Student,No Income,Post Graduate,40003,3,13.0487,77.5923,560024,No,30191,Negative ,No
10192,192,20192,24,Male,Single,Employee,25001 to 50000,Post Graduate,40002,2,12.9662,77.6068,560025,Yes,30192,Positive,Yes
10193,193,20193,31,Female,Married,Employee,More than 50000,Ph.D,40005,5,12.9662,77.6068,560025,Yes,30193,Positive,Yes
10194,194,20194,26,Male,Single,Employee,25001 to 50000,Graduate,40002,2,12.9343,77.6044,560029,Yes,30194,Positive,Yes
10195,195,20195,24,Female,Married,Self Employeed,More than 50000,Graduate,40002,2,12.9343,77.6044,560029,Yes,30195,Positive,Yes
10196,196,20196,22,Female,Single,Student,No Income,Graduate,40003,3,12.9343,77.6044,560029,Yes,30196,Positive,Yes
10197,197,20197,19,Male,Single,Student,No Income,Graduate,40006,6,12.9442,77.6076,560030,Yes,30197,Positive,Yes
10198,198,20198,25,Male,Married,Employee,More than 50000,Post Graduate,40006,6,12.9442,77.6076,560030,Yes,30198,Positive,Yes
10199,199,20199,23,Female,Married,House wife,No Income,School,40006,6,12.9442,77.6076,560030,Yes,30199,Positive,Yes
10200,200,20200,23,Female,Single,Student,No Income,Graduate,40002,2,13.0298,77.6047,560032,No,30200,Negative ,No
10201,201,20201,23,Male,Single,Student,No Income,Post Graduate,40002,2,12.9261,77.6221,560034,Yes,30201,Positive,Yes
10202,202,20202,24,Male,Single,Student,No Income,Post Graduate,40005,5,12.9621,77.5376,560104,Yes,30202,Positive,Yes
10203,203,20203,22,Female,Single,Employee,25001 to 50000,Graduate,40004,4,12.8845,77.6036,560076,Yes,30203,Positive,Yes
10204,204,20204,26,Male,Married,Employee,More than 50000,Graduate,40004,4,12.9048,77.6821,560036,Yes,30204,Positive,Yes
10205,205,20205,25,Female,Single,Student,No Income,Ph.D,40003,3,12.9048,77.6821,560036,Yes,30205,Positive,Yes
10206,206,20206,20,Male,Single,Student,No Income,Graduate,40002,2,12.9261,77.6221,560034,Yes,30206,Positive,Yes
10207,207,20207,29,Male,Married,Employee,25001 to 50000,Graduate,40004,4,12.9261,77.6221,560034,No,30207,Negative ,No
10208,208,20208,23,Female,Single,Student,No Income,Graduate,40001,1,12.977,77.5773,560009,Yes,30208,Positive,Yes
10209,209,20209,25,Male,Single,Self Employeed,More than 50000,Graduate,40002,2,12.9783,77.6408,560038,Yes,30209,Positive,Yes
10210,210,20210,29,Female,Married,Employee,25001 to 50000,Graduate,40004,4,12.9783,77.6408,560038,No,30210,Negative ,No
10211,211,20211,27,Male,Married,Self Employeed,25001 to 50000,Graduate,40006,6,12.9217,77.5936,560041,No,30211,Negative ,No
10212,212,20212,25,Male,Single,Self Employeed,10001 to 25000,Graduate,40003,3,13.0206,77.6479,560043,Yes,30212,Positive,Yes
10213,213,20213,21,Male,Single,Student,No Income,Graduate,40002,2,13.0012,77.5995,560046,No,30213,Negative ,No
10214,214,20214,23,Male,Single,Student,No Income,Graduate,40003,3,13.0223,77.7132,560049,Yes,30214,Positive,Yes
10215,215,20215,24,Female,Single,Employee,10001 to 25000,Post Graduate,40004,4,12.9337,77.59,560011,Yes,30215,Positive,Yes
10216,216,20216,32,Male,Married,Self Employeed,10001 to 25000,School,40003,3,12.982,77.6256,560008,Yes,30216,Negative ,Yes
10217,217,20217,28,Male,Married,Employee,25001 to 50000,Post Graduate,40005,5,13.0262,77.62,560045,Yes,30217,Positive,Yes
10218,218,20218,26,Male,Single,Employee,10001 to 25000,Graduate,40002,2,12.9217,77.5936,560041,No,30218,Negative ,No
10219,219,20219,31,Female,Married,House wife,No Income,Graduate,40005,5,13.0078,77.5577,560055,Yes,30219,Positive,Yes
10220,220,20220,27,Female,Married,Self Employeed,25001 to 50000,Graduate,40003,3,13.0078,77.5577,560055,Yes,30220,Positive,Yes
10221,221,20221,21,Female,Single,Student,No Income,Post Graduate,40001,1,12.9217,77.5936,560041,Yes,30221,Positive,Yes
10222,222,20222,23,Female,Single,Student,No Income,Graduate,40002,2,12.9105,77.4842,560060,No,30222,Positive,No
10223,223,20223,26,Male,Married,Employee,10001 to 25000,Graduate,40004,4,12.9105,77.4842,560060,No,30223,Positive,No
10224,224,20224,32,Male,Married,Employee,More than 50000,Graduate,40005,5,12.9037,77.5376,560061,Yes,30224,Positive,Yes
10225,225,20225,25,Female,Married,Student,No Income,Post Graduate,40002,2,12.8834,77.5486,560062,Yes,30225,Positive,Yes
10226,226,20226,28,Male,Single,Self Employeed,10001 to 25000,Post Graduate,40002,2,12.9149,77.5635,560070,Yes,30226,Positive,Yes
10227,227,20227,21,Female,Single,Student,No Income,Post Graduate,40003,3,12.9149,77.5635,560070,Yes,30227,Positive,Yes
10228,228,20228,24,Male,Single,Student,No Income,Post Graduate,40002,2,12.9706,77.6529,560075,Yes,30228,Positive,Yes
10229,229,20229,26,Female,Married,Self Employeed,10001 to 25000,Graduate,40005,5,12.9706,77.6529,560075,No,30229,Negative ,No
10230,230,20230,32,Male,Married,Employee,25001 to 50000,Graduate,40003,3,12.9706,77.6529,560075,Yes,30230,Positive,Yes
10231,231,20231,29,Male,Single,Self Employeed,More than 50000,Graduate,40006,6,12.8845,77.6036,560076,Yes,30231,Positive,Yes
10232,232,20232,21,Male,Single,Student,No Income,Graduate,40005,5,12.9783,77.6408,560038,Yes,30232,Positive,Yes
10233,233,20233,24,Female,Single,Self Employeed,25001 to 50000,Post Graduate,40003,3,13.0103,77.5796,560080,No,30233,Negative ,No
10234,234,20234,26,Male,Prefer not to say,Self Employeed,More than 50000,Post Graduate,40002,2,13.0103,77.5796,560080,Yes,30234,Positive,Yes
10235,235,20235,25,Male,Married,Employee,More than 50000,Ph.D,40003,3,12.9306,77.5434,560085,Yes,30235,Positive,Yes
10236,236,20236,29,Male,Single,Employee,25001 to 50000,Graduate,40003,3,13.0641,77.5931,560092,No,30236,Negative ,No
10237,237,20237,22,Male,Single,Student,No Income,Graduate,40003,3,13.0158,77.539,560096,Yes,30237,Positive,Yes
10238,238,20238,24,Male,Single,Student,No Income,Graduate,40002,2,12.9561,77.5921,560027,Yes,30238,Positive,Yes
10239,239,20239,27,Male,Married,Employee,25001 to 50000,Graduate,40002,2,12.8845,77.6036,560076,Yes,30239,Positive,Yes
10240,240,20240,23,Female,Single,Student,No Income,Post Graduate,40003,3,12.9369,77.6407,560095,No,30240,Positive,No
10241,241,20241,32,Male,Married,Employee,More than 50000,Post Graduate,40006,6,12.9369,77.6407,560095,Yes,30241,Positive,Yes
10242,242,20242,22,Female,Single,Student,No Income,Graduate,40002,2,12.9369,77.6407,560095,Yes,30242,Positive,Yes
10243,243,20243,28,Male,Married,Employee,25001 to 50000,Graduate,40003,3,12.9369,77.6407,560095,Yes,30243,Positive,Yes
10244,244,20244,23,Female,Single,Student,No Income,Post Graduate,40002,2,13.0158,77.539,560096,Yes,30244,Positive,Yes
10245,245,20245,30,Male,Married,Self Employeed,More than 50000,Graduate,40001,1,13.0809,77.5565,560097,No,30245,Negative ,No
10246,246,20246,21,Male,Single,Student,No Income,Graduate,40003,3,13.0641,77.5931,560092,Yes,30246,Positive,Yes
10247,247,20247,26,Female,Married,Employee,Below Rs.10000,Graduate,40006,6,12.9859,77.6713,560093,No,30247,Negative ,No
10248,248,20248,25,Male,Single,Self Employeed,More than 50000,School,40003,3,12.9859,77.6713,560093,Yes,30248,Positive,Yes
10249,249,20249,31,Male,Prefer not to say,Employee,Below Rs.10000,Graduate,40001,1,12.9866,77.4904,560091,No,30249,Negative ,No
10250,250,20250,23,Female,Single,Employee,25001 to 50000,Post Graduate,40002,2,12.9847,77.5491,560100,Yes,30250,Positive,Yes
10251,251,20251,29,Female,Married,Employee,25001 to 50000,Ph.D,40003,3,12.9847,77.5491,560100,Yes,30251,Positive,Yes
10252,252,20252,21,Male,Single,Student,No Income,Graduate,40006,6,12.9847,77.5491,560100,Yes,30252,Positive,Yes
10253,253,20253,20,Male,Single,Student,No Income,Graduate,40003,3,12.9299,77.6848,560103,Yes,30253,Positive,Yes
10254,254,20254,22,Male,Single,Employee,10001 to 25000,Graduate,40002,2,12.9299,77.6848,560103,Yes,30254,Positive,Yes
10255,255,20255,30,Female,Married,House wife,No Income,School,40006,6,12.9828,77.6131,560042,No,30255,Positive,No
10256,256,20256,27,Male,Married,Self Employeed,More than 50000,Graduate,40003,3,12.989,77.5332,560079,Yes,30256,Positive,Yes
10257,257,20257,23,Male,Single,Student,No Income,Post Graduate,40002,2,12.977,77.5773,560009,No,30257,Negative ,No
10258,258,20258,30,Male,Married,Self Employeed,25001 to 50000,School,40006,6,12.9251,77.4992,560059,No,30258,Negative ,No
10259,259,20259,23,Male,Single,Student,No Income,Post Graduate,40003,3,12.9967,77.7582,560067,Yes,30259,Positive,Yes
10260,260,20260,28,Female,Married,Employee,25001 to 50000,Post Graduate,40006,6,12.9967,77.7582,560067,No,30260,Negative ,No
10261,261,20261,30,Male,Married,Self Employeed,More than 50000,Graduate,40006,6,12.9967,77.7582,560067,Yes,30261,Positive,Yes
10262,262,20262,24,Female,Married,Employee,25001 to 50000,Post Graduate,40002,2,12.957,77.5637,560018,Yes,30262,Negative ,Yes
10263,263,20263,21,Male,Single,Student,No Income,Graduate,40002,2,12.957,77.5637,560018,No,30263,Negative ,No
10264,264,20264,23,Female,Prefer not to say,Employee,10001 to 25000,Graduate,40003,3,12.9889,77.5741,560020,No,30264,Negative ,No
10265,265,20265,25,Male,Married,Self Employeed,More than 50000,Post Graduate,40004,4,13.0206,77.6479,560043,Yes,30265,Positive,Yes
10266,266,20266,24,Female,Single,Employee,25001 to 50000,Graduate,40002,2,12.8893,77.6399,560068,Yes,30266,Positive,Yes
10267,267,20267,26,Male,Married,Employee,10001 to 25000,Graduate,40003,3,12.8893,77.6399,560068,No,30267,Negative ,No
10268,268,20268,25,Female,Single,Employee,25001 to 50000,Post Graduate,40002,2,12.9967,77.7582,560067,Yes,30268,Positive,Yes
10269,269,20269,22,Male,Single,Student,25001 to 50000,Graduate,40003,3,12.9783,77.6408,560038,Yes,30269,Positive,Yes
10270,270,20270,26,Female,Single,Employee,25001 to 50000,Post Graduate,40002,2,12.9783,77.6408,560038,Yes,30270,Positive,Yes
10271,271,20271,23,Male,Single,Employee,10001 to 25000,Graduate,40002,2,12.9925,77.5633,560021,Yes,30271,Positive,Yes
10272,272,20272,21,Female,Single,Employee,Below Rs.10000,Graduate,40002,2,12.9925,77.5633,560021,No,30272,Negative ,No
10273,273,20273,25,Male,Married,Self Employeed,25001 to 50000,Graduate,40003,3,12.9561,77.5921,560027,Yes,30273,Positive,Yes
10274,274,20274,24,Female,Married,Employee,10001 to 25000,Post Graduate,40002,2,12.9561,77.5921,560027,Yes,30274,Positive,Yes
10275,275,20275,22,Male,Married,Student,No Income,Graduate,40002,2,13.0734,77.5464,560014,Yes,30275,Positive,Yes
10276,276,20276,23,Female,Single,Student,No Income,Post Graduate,40004,4,13.0487,77.5923,560024,Yes,30276,Positive,Yes
10277,277,20277,24,Male,Married,Employee,More than 50000,Post Graduate,40003,3,12.9515,77.4921,560056,Yes,30277,Positive,Yes
10278,278,20278,22,Female,Single,Student,No Income,Graduate,40002,2,12.9515,77.4921,560056,Yes,30278,Positive,Yes
10279,279,20279,30,Male,Married,Employee,More than 50000,Graduate,40005,5,12.9719,77.5128,560072,No,30279,Negative ,No
10280,280,20280,23,Female,Prefer not to say,Employee,10001 to 25000,Graduate,40004,4,12.9048,77.6821,560036,Yes,30280,Positive,Yes
10281,281,20281,19,Male,Single,Student,No Income,Graduate,40006,6,12.9048,77.6821,560036,Yes,30281,Positive,Yes
10282,282,20282,21,Female,Single,Student,No Income,Graduate,40002,2,13.0103,77.5796,560080,Yes,30282,Positive,Yes
10283,283,20283,23,Male,Single,Student,No Income,Graduate,40004,4,13.0103,77.5796,560080,Yes,30283,Positive,Yes
10284,284,20284,24,Female,Single,Employee,25001 to 50000,Graduate,40003,3,12.8893,77.6399,560068,Yes,30284,Positive,Yes
10285,285,20285,26,Female,Married,Employee,10001 to 25000,Post Graduate,40002,2,12.9828,77.6131,560042,No,30285,Positive,No
10286,286,20286,26,Female,Single,Student,No Income,Ph.D,40002,2,12.9757,77.5586,560023,Yes,30286,Positive,Yes
10287,287,20287,25,Female,Single,Student,10001 to 25000,Graduate,40002,2,12.9757,77.5586,560023,Yes,30287,Positive,Yes
10288,288,20288,28,Female,Married,Employee,25001 to 50000,Graduate,40005,5,12.9757,77.5586,560023,No,30288,Negative ,No
10289,289,20289,25,Female,Single,Student,No Income,Post Graduate,40003,3,13.0734,77.5464,560014,Yes,30289,Positive,Yes
10290,290,20290,20,Female,Single,Student,No Income,Graduate,40002,2,13.0734,77.5464,560014,Yes,30290,Positive,Yes
10291,291,20291,27,Female,Married,Self Employeed,More than 50000,Graduate,40006,6,13.0734,77.5464,560014,No,30291,Positive,No
10292,292,20292,25,Female,Married,Employee,25001 to 50000,Graduate,40003,3,13.0626,77.5284,560015,No,30292,Positive,No
10293,293,20293,24,Female,Single,Student,No Income,Post Graduate,40005,5,13.0626,77.5284,560015,No,30293,Negative ,No
10294,294,20294,25,Female,Married,Employee,More than 50000,Graduate,40001,1,12.977,77.5773,560009,No,30294,Negative ,No
10295,295,20295,25,Female,Prefer not to say,Employee,25001 to 50000,Post Graduate,40003,3,12.998,77.6227,560005,No,30295,Negative ,No
10296,296,20296,24,Female,Married,Student,Below Rs.10000,Ph.D,40005,5,13.0626,77.5284,560015,Yes,30296,Positive,Yes
10297,297,20297,24,Male,Single,Student,No Income,Post Graduate,40003,3,13.0626,77.5284,560015,Yes,30297,Positive,Yes
10298,298,20298,22,Male,Single,Employee,10001 to 25000,Graduate,40001,1,13.0138,77.5877,560006,Yes,30298,Positive,Yes
10299,299,20299,28,Male,Single,Employee,25001 to 50000,Post Graduate,40002,2,13.0138,77.5877,560006,No,30299,Negative ,No
10300,300,20300,25,Female,Single,Employee,More than 50000,Post Graduate,40006,6,13.014,77.5658,560012,No,30300,Negative ,No
10301,301,20301,22,Male,Single,Student,Below Rs.10000,Post Graduate,40003,3,12.9551,77.6593,560017,Yes,30301,Negative ,Yes
10302,302,20302,22,Female,Single,Student,No Income,Graduate,40006,6,12.9473,77.5616,560019,Yes,30302,Positive,Yes
10303,303,20303,22,Male,Single,Student,Below Rs.10000,Post Graduate,40004,4,12.985,77.5533,560010,Yes,30303,Positive,Yes
10304,304,20304,27,Female,Married,Employee,More than 50000,Post Graduate,40002,2,12.9299,77.6848,560103,Yes,30304,Positive,Yes
10305,305,20305,22,Male,Single,Student,No Income,Graduate,40003,3,12.977,77.5773,560009,Yes,30305,Positive,Yes
10306,306,20306,24,Female,Single,Student,No Income,Post Graduate,40003,3,12.9828,77.6131,560042,Yes,30306,Positive,Yes
10307,307,20307,23,Female,Single,Student,No Income,Post Graduate,40002,2,12.9766,77.5993,560001,Yes,30307,Positive,Yes
10308,308,20308,23,Female,Single,Student,No Income,Post Graduate,40004,4,12.9854,77.7081,560048,Yes,30308,Positive,Yes
10309,309,20309,22,Female,Single,Student,No Income,Post Graduate,40005,5,12.985,77.5533,560010,Yes,30309,Positive,Yes
10310,310,20310,23,Male,Single,Student,Below Rs.10000,Post Graduate,40002,2,12.977,77.5773,560009,Yes,30310,Negative ,Yes
10311,311,20311,32,Male,Married,Employee,More than 50000,Graduate,40005,5,12.9037,77.5376,560061,Yes,30311,Positive,Yes
10312,312,20312,25,Female,Married,Student,No Income,Post Graduate,40002,2,12.8834,77.5486,560062,Yes,30312,Positive,Yes
10313,313,20313,28,Male,Single,Self Employeed,10001 to 25000,Post Graduate,40002,2,12.9149,77.5635,560070,Yes,30313,Positive,Yes
10314,314,20314,21,Female,Single,Student,No Income,Post Graduate,40003,3,12.9149,77.5635,560070,Yes,30314,Positive,Yes
10315,315,20315,24,Male,Single,Student,No Income,Post Graduate,40002,2,12.9706,77.6529,560075,Yes,30315,Positive,Yes
10316,316,20316,26,Female,Married,Self Employeed,10001 to 25000,Graduate,40005,5,12.9706,77.6529,560075,No,30316,Negative ,No
10317,317,20317,32,Male,Married,Employee,25001 to 50000,Graduate,40003,3,12.9706,77.6529,560075,Yes,30317,Positive,Yes
10318,318,20318,29,Male,Single,Self Employeed,More than 50000,Graduate,40006,6,12.8845,77.6036,560076,Yes,30318,Positive,Yes
10319,319,20319,21,Male,Single,Student,No Income,Graduate,40005,5,12.9783,77.6408,560038,Yes,30319,Positive,Yes
10320,320,20320,24,Female,Single,Self Employeed,25001 to 50000,Post Graduate,40003,3,13.0103,77.5796,560080,No,30320,Negative ,No
10321,321,20321,26,Male,Prefer not to say,Self Employeed,More than 50000,Post Graduate,40002,2,13.0103,77.5796,560080,Yes,30321,Positive,Yes
10322,322,20322,21,Male,Married,Employee,More than 50000,Ph.D,40003,3,12.9306,77.5434,560085,Yes,30322,Positive,Yes
10323,323,20323,29,Male,Single,Employee,25001 to 50000,Graduate,40003,3,13.0641,77.5931,560092,No,30323,Negative ,No
10324,324,20324,22,Male,Single,Student,No Income,Graduate,40003,3,13.0158,77.539,560096,Yes,30324,Positive,Yes
10325,325,20325,24,Male,Single,Student,No Income,Graduate,40002,2,12.9561,77.5921,560027,Yes,30325,Positive,Yes
10326,326,20326,27,Male,Married,Employee,25001 to 50000,Graduate,40002,2,12.8845,77.6036,560076,Yes,30326,Positive,Yes
10327,327,20327,23,Female,Single,Student,No Income,Post Graduate,40003,3,12.9369,77.6407,560095,No,30327,Positive,No
10328,328,20328,32,Male,Married,Employee,More than 50000,Post Graduate,40006,6,12.9369,77.6407,560095,Yes,30328,Positive,Yes
10329,329,20329,22,Female,Single,Student,No Income,Graduate,40002,2,12.9369,77.6407,560095,Yes,30329,Positive,Yes
10330,330,20330,22,Female,Single,Employee,25001 to 50000,Graduate,40004,4,12.8845,77.6036,560076,Yes,30330,Positive,Yes
10331,331,20331,26,Male,Married,Employee,More than 50000,Graduate,40004,4,12.9048,77.6821,560036,Yes,30331,Positive,Yes
10332,332,20332,25,Female,Single,Student,No Income,Ph.D,40003,3,12.9048,77.6821,560036,Yes,30332,Positive,Yes
10333,333,20333,20,Male,Single,Student,No Income,Graduate,40002,2,12.9261,77.6221,560034,Yes,30333,Positive,Yes
10334,334,20334,29,Male,Married,Employee,25001 to 50000,Graduate,40004,4,12.9261,77.6221,560034,No,30334,Negative ,No
10335,335,20335,23,Female,Single,Student,No Income,Graduate,40001,1,12.977,77.5773,560009,Yes,30335,Positive,Yes
10336,336,20336,25,Male,Single,Self Employeed,More than 50000,Graduate,40002,2,12.9783,77.6408,560038,Yes,30336,Positive,Yes
10337,337,20337,29,Female,Married,Employee,25001 to 50000,Graduate,40004,4,12.9783,77.6408,560038,No,30337,Negative ,No
10338,338,20338,27,Male,Married,Self Employeed,25001 to 50000,Graduate,40006,6,12.9217,77.5936,560041,No,30338,Positive,No
10339,339,20339,25,Male,Single,Self Employeed,10001 to 25000,Graduate,40003,3,13.0206,77.6479,560043,Yes,30339,Positive,Yes
10340,340,20340,21,Male,Single,Student,No Income,Graduate,40002,2,13.0012,77.5995,560046,No,30340,Negative ,No
10341,341,20341,23,Male,Single,Student,No Income,Graduate,40003,3,13.0223,77.7132,560049,Yes,30341,Positive,Yes
10342,342,20342,24,Female,Single,Employee,10001 to 25000,Post Graduate,40004,4,12.9337,77.59,560011,Yes,30342,Positive,Yes
10343,343,20343,22,Male,Married,Self Employeed,10001 to 25000,School,40003,3,12.982,77.6256,560008,Yes,30343,Negative ,Yes
10344,344,20344,28,Male,Married,Employee,25001 to 50000,Post Graduate,40005,5,13.0262,77.62,560045,Yes,30344,Positive,Yes
10345,345,20345,26,Male,Single,Employee,10001 to 25000,Graduate,40002,2,12.9217,77.5936,560041,No,30345,Negative ,No
10346,346,20346,22,Female,Single,Employee,25001 to 50000,Graduate,40004,4,12.8845,77.6036,560076,Yes,30346,Positive,Yes
10347,347,20347,26,Male,Married,Employee,More than 50000,Graduate,40004,4,12.9048,77.6821,560036,Yes,30347,Positive,Yes
10348,348,20348,25,Female,Single,Student,No Income,Ph.D,40003,3,12.9048,77.6821,560036,Yes,30348,Positive,Yes
10349,349,20349,20,Male,Single,Student,No Income,Graduate,40002,2,12.9261,77.6221,560034,Yes,30349,Positive,Yes
10350,350,20350,29,Male,Married,Employee,25001 to 50000,Graduate,40004,4,12.9261,77.6221,560034,No,30350,Negative ,No
10351,351,20351,23,Female,Single,Student,No Income,Graduate,40001,1,12.977,77.5773,560009,Yes,30351,Positive,Yes
10352,352,20352,25,Male,Single,Self Employeed,More than 50000,Graduate,40002,2,12.9783,77.6408,560038,Yes,30352,Positive,Yes
10353,353,20353,29,Female,Married,Employee,25001 to 50000,Graduate,40004,4,12.9783,77.6408,560038,No,30353,Positive,No
10354,354,20354,27,Male,Married,Self Employeed,25001 to 50000,Graduate,40006,6,12.9217,77.5936,560041,No,30354,Positive,No
10355,355,20355,25,Male,Single,Self Employeed,10001 to 25000,Graduate,40003,3,13.0206,77.6479,560043,Yes,30355,Positive,Yes
10356,356,20356,21,Male,Single,Student,No Income,Graduate,40002,2,13.0012,77.5995,560046,No,30356,Positive,No
10357,357,20357,24,Male,Single,Student,No Income,Post Graduate,40002,2,12.9706,77.6529,560075,Yes,30357,Positive,Yes
10358,358,20358,26,Female,Married,Self Employeed,10001 to 25000,Graduate,40005,5,12.9706,77.6529,560075,No,30358,Negative ,No
10359,359,20359,32,Male,Married,Employee,25001 to 50000,Graduate,40003,3,12.9706,77.6529,560075,Yes,30359,Positive,Yes
10360,360,20360,29,Male,Single,Self Employeed,More than 50000,Graduate,40006,6,12.8845,77.6036,560076,Yes,30360,Positive,Yes
10361,361,20361,21,Male,Single,Student,No Income,Graduate,40005,5,12.9783,77.6408,560038,Yes,30361,Positive,Yes
10362,362,20362,24,Female,Single,Self Employeed,25001 to 50000,Post Graduate,40003,3,13.0103,77.5796,560080,No,30362,Negative ,No
10363,363,20363,26,Male,Prefer not to say,Self Employeed,More than 50000,Post Graduate,40002,2,13.0103,77.5796,560080,Yes,30363,Positive,Yes
10364,364,20364,31,Male,Married,Employee,More than 50000,Ph.D,40003,3,12.9306,77.5434,560085,Yes,30364,Positive,Yes
10365,365,20365,29,Male,Single,Employee,25001 to 50000,Graduate,40003,3,13.0641,77.5931,560092,No,30365,Negative ,No
10366,366,20366,22,Male,Single,Student,No Income,Graduate,40003,3,13.0158,77.539,560096,Yes,30366,Positive,Yes
10367,367,20367,24,Male,Single,Student,No Income,Graduate,40002,2,12.9561,77.5921,560027,Yes,30367,Positive,Yes
10368,368,20368,27,Male,Married,Employee,25001 to 50000,Graduate,40002,2,12.8845,77.6036,560076,Yes,30368,Positive,Yes
10369,369,20369,23,Female,Single,Student,No Income,Post Graduate,40003,3,12.9369,77.6407,560095,No,30369,Positive,No
10370,370,20370,30,Male,Married,Employee,More than 50000,Post Graduate,40006,6,12.9369,77.6407,560095,Yes,30370,Positive,Yes
10371,371,20371,22,Female,Single,Student,No Income,Graduate,40002,2,12.9369,77.6407,560095,Yes,30371,Positive,Yes
10372,372,20372,28,Male,Married,Employee,25001 to 50000,Graduate,40003,3,12.9369,77.6407,560095,Yes,30372,Positive,Yes
10373,373,20373,23,Female,Single,Student,No Income,Post Graduate,40002,2,13.0158,77.539,560096,Yes,30373,Positive,Yes
10374,374,20374,30,Male,Married,Self Employeed,More than 50000,Graduate,40001,1,13.0809,77.5565,560097,No,30374,Negative ,No
10375,375,20375,21,Male,Single,Student,No Income,Graduate,40003,3,13.0641,77.5931,560092,Yes,30375,Negative ,Yes
10376,376,20376,26,Female,Married,Employee,Below Rs.10000,Graduate,40006,6,12.9859,77.6713,560093,No,30376,Negative ,No
10377,377,20377,25,Male,Single,Self Employeed,More than 50000,School,40003,3,12.9859,77.6713,560093,Yes,30377,Positive,Yes
10378,378,20378,31,Male,Prefer not to say,Employee,Below Rs.10000,Graduate,40001,1,12.9866,77.4904,560091,No,30378,Negative ,No
10379,379,20379,23,Female,Single,Employee,25001 to 50000,Post Graduate,40002,2,12.9847,77.5491,560100,Yes,30379,Positive,Yes
10380,380,20380,22,Male,Single,Student,Below Rs.10000,Post Graduate,40004,4,12.985,77.5533,560010,Yes,30380,Positive,Yes
10381,381,20381,27,Female,Married,Employee,More than 50000,Post Graduate,40002,2,12.9299,77.6848,560103,Yes,30381,Positive,Yes
10382,382,20382,22,Male,Single,Student,No Income,Graduate,40003,3,12.977,77.5773,560009,Yes,30382,Positive,Yes
10383,383,20383,24,Female,Single,Student,No Income,Post Graduate,40003,3,12.9828,77.6131,560042,Yes,30383,Positive,Yes
10384,384,20384,23,Female,Single,Student,No Income,Post Graduate,40002,2,12.9766,77.5993,560001,Yes,30384,Positive,Yes
10385,385,20385,23,Female,Single,Student,No Income,Post Graduate,40004,4,12.9854,77.7081,560048,Yes,30385,Positive,Yes
10386,386,20386,22,Female,Single,Student,No Income,Post Graduate,40005,5,12.985,77.5533,560010,Yes,30386,Positive,Yes
10387,387,20387,23,Male,Single,Student,Below Rs.10000,Post Graduate,40002,2,12.977,77.5773,560009,Yes,30387,Positive,Yes
10388,388,20388,23,Male,Single,Student,No Income,Post Graduate,40005,5,12.8988,77.5764,560078,Yes,30388,Positive,Yes
